ATD020_01	Eksports un imports pa valstīm, valstu grupām un teritorijām (KN 2 zīmēs)	Exports and imports by country, country group and territory (CN at 2-digit level)	Value	Vērtība (Eiro)	Value, euro	eiro	euro
ATD020_01	Eksports un imports pa valstīm, valstu grupām un teritorijām (KN 2 zīmēs)	Exports and imports by country, country group and territory (CN at 2-digit level)	Weight	Svars, Kg	Weight, kg	kg	kg
ATD020m_01	Eksports un imports pa valstīm, valstu grupām un teritorijām (KN 2 zīmēs)	Exports and imports by country, country group and territory (CN at 2-digit level)	Value	Vērtība (Eiro)	Value, euro	eiro	euro
ATD020m_01	Eksports un imports pa valstīm, valstu grupām un teritorijām (KN 2 zīmēs)	Exports and imports by country, country group and territory (CN at 2-digit level)	Weight	Svars, Kg	Weight, kg	kg	kg
ATD040_01	Eksports un imports pa valstīm, valstu grupām un teritorijām (KN 4 zīmēs)	Exports and imports by country, country group and territory (CN at 4-digit level)	Value	Vērtība (Eiro)	Value, euro	eiro	euro
ATD040_01	Eksports un imports pa valstīm, valstu grupām un teritorijām (KN 4 zīmēs)	Exports and imports by country, country group and territory (CN at 4-digit level)	Weight	Svars, Kg	Weight, kg	kg	kg
ATD060_01	Eksports un imports pa valstīm, valstu grupām un teritorijām (KN 6 zīmēs)	Exports and imports by country, country group and territory (CN at 6-digit level)	Value	Vērtība (Eiro)	Value, euro	eiro	euro
ATD060_01	Eksports un imports pa valstīm, valstu grupām un teritorijām (KN 6 zīmēs)	Exports and imports by country, country group and territory (CN at 6-digit level)	Weight	Svars, Kg	Weight, kg	kg	kg
ATD080_01	Eksports un imports pa valstīm, valstu grupām un teritorijām (KN 8 zīmēs)	Exports and imports by country, country group and territory (CN at 8-digit level)	Supplun	Papildmērvienība	Supplementary units	.	.
ATD080_01	Eksports un imports pa valstīm, valstu grupām un teritorijām (KN 8 zīmēs)	Exports and imports by country, country group and territory (CN at 8-digit level)	Value	Vērtība (Eiro)	Value, euro	eiro	euro
ATD080_01	Eksports un imports pa valstīm, valstu grupām un teritorijām (KN 8 zīmēs)	Exports and imports by country, country group and territory (CN at 8-digit level)	Weight	Svars, Kg	Weight, kg	kg	kg
GPE010_01	Gaisa emisiju konti (NACE 2. red.)	Air emission accounts (NACE Rev. 2)	ENV_AC	Gaisa emisiju konti	Air emission accounts	.	.
GPE010_02	Gaisa emisiju konti	Air emission accounts	ENV_AC	Gaisa emisiju konti	Air emission accounts	.	.
IBE100_01	Iedzīvotāju pastāvīgās dzīvesvietas izmaiņas reģionos, pilsētās, novados un pagastos	Changes in usual residence of the population in regions, cities, municipalities, towns and rural territories	NUMB	Skaits	Number	skaits	number
IBE101_01	Iedzīvotāju pastāvīgās dzīvesvietas izmaiņas reģionos, pilsētās, novados, pagastos, apkaimēs un blīvi apdzīvotās teritorijās	Changes in usual residence of the population in regions, cities, municipalities, towns, rural territories, neighbourhoods and densely populated areas	NUMB	Skaits	Number	skaits	number
IDK010_01	Dzimstības koeficienti (summārais, atražošanās, vispārīgais, vecumkoeficienti)	Fertility rates (age-specific, total, gross and net reproduction rate, crude birth rate)	ASGBIRTHRT15_19	Dzimstības vecumkoeficients sievietēm 15-19 gadu vecumā	Age-specific birth rates of females aged 15-19	koeficients	rate
IDK010_01	Dzimstības koeficienti (summārais, atražošanās, vispārīgais, vecumkoeficienti)	Fertility rates (age-specific, total, gross and net reproduction rate, crude birth rate)	ASGBIRTHRT15_49	Dzimstības vecumkoeficients sievietēm 15-49 gadu vecumā	Age-specific birth rate of females aged 15-49	koeficients	rate
IDK010_01	Dzimstības koeficienti (summārais, atražošanās, vispārīgais, vecumkoeficienti)	Fertility rates (age-specific, total, gross and net reproduction rate, crude birth rate)	ASGBIRTHRT20_24	Dzimstības vecumkoeficients sievietēm 20-24 gadu vecumā	Age-specific birth rate of females aged 20-24	koeficients	rate
IDK010_01	Dzimstības koeficienti (summārais, atražošanās, vispārīgais, vecumkoeficienti)	Fertility rates (age-specific, total, gross and net reproduction rate, crude birth rate)	ASGBIRTHRT25_29	Dzimstības vecumkoeficients sievietēm 25-29 gadu vecumā	Age-specific birth rate of females aged 25-29	koeficients	rate
IDK010_01	Dzimstības koeficienti (summārais, atražošanās, vispārīgais, vecumkoeficienti)	Fertility rates (age-specific, total, gross and net reproduction rate, crude birth rate)	ASGBIRTHRT30_34	Dzimstības vecumkoeficients sievietēm 30-34 gadu vecumā	Age-specific birth rate of females aged 30-34	koeficients	rate
IDK010_01	Dzimstības koeficienti (summārais, atražošanās, vispārīgais, vecumkoeficienti)	Fertility rates (age-specific, total, gross and net reproduction rate, crude birth rate)	ASGBIRTHRT35_39	Dzimstības vecumkoeficients sievietēm 35-39 gadu vecumā	Age-specific birth rate of females aged 35-39	koeficients	rate
IDK010_01	Dzimstības koeficienti (summārais, atražošanās, vispārīgais, vecumkoeficienti)	Fertility rates (age-specific, total, gross and net reproduction rate, crude birth rate)	ASGBIRTHRT40_44	Dzimstības vecumkoeficients sievietēm 40-44 gadu vecumā	Age-specific birth rate of females aged 40-44	koeficients	rate
IDK010_01	Dzimstības koeficienti (summārais, atražošanās, vispārīgais, vecumkoeficienti)	Fertility rates (age-specific, total, gross and net reproduction rate, crude birth rate)	ASGBIRTHRT45_49	Dzimstības vecumkoeficients sievietēm 45-49 gadu vecumā	Age-specific birth rate of females aged 45-49	koeficients	rate
IDK010_01	Dzimstības koeficienti (summārais, atražošanās, vispārīgais, vecumkoeficienti)	Fertility rates (age-specific, total, gross and net reproduction rate, crude birth rate)	GBIRTHRT	Dzimstības vispārīgais koeficients	Crude birth rate	koeficients	rate
IDK010_01	Dzimstības koeficienti (summārais, atražošanās, vispārīgais, vecumkoeficienti)	Fertility rates (age-specific, total, gross and net reproduction rate, crude birth rate)	GROSS_REP_RATE	Atražošanās bruto koeficients	Gross reproduction rate	koeficients	rate
IDK010_01	Dzimstības koeficienti (summārais, atražošanās, vispārīgais, vecumkoeficienti)	Fertility rates (age-specific, total, gross and net reproduction rate, crude birth rate)	NET_REP_RATE	Atražošanās neto koeficients	Net reproduction rate	koeficients	rate
IDK010_01	Dzimstības koeficienti (summārais, atražošanās, vispārīgais, vecumkoeficienti)	Fertility rates (age-specific, total, gross and net reproduction rate, crude birth rate)	TFR	Summārais dzimstības koeficients	Total fertility rate	koeficients	rate
IDK021_01	Dzimušo skaits uz 1000 iedzīvotājiem un summārais dzimstības koeficients reģionos, valstspilsētās un novados	Number of births per 1000 inhabitants and total fertility rate in regions, State cities and municipalities	GBIRTHRT	Dzimušo skaits uz 1000 iedzīvotājiem	Number of births per 1000 inhabitants	koeficients	rate
IDK021_01	Dzimušo skaits uz 1000 iedzīvotājiem un summārais dzimstības koeficients reģionos, valstspilsētās un novados	Number of births per 1000 inhabitants and total fertility rate in regions, State cities and municipalities	TFR	Summārais dzimstības koeficients	Total fertility rate	koeficients	rate
IMK011_01	Mirušo skaits uz 1000 iedzīvotājiem pa vecuma grupām reģionos	Number of deaths per 1000 inhabitants by age groups in regions	DEATH_RATE_THSD	Mirušo skaits uz 1000 iedzīvotāju	Number of deaths per 1000 inhabitants	skaits	number
IRD031_01	Iedzīvotāju vidējais vecums, mediānais vecums un vecumatkarības koeficients pa dzimumiem reģionos, valstspilsētās un novados gada sākumā	Mean age, median age and old age dependency rate of population by sex in regions, State cities and municiplaities at the beginning of the year	AGE_DEP_RATE	Vecumatkarības koeficients	Old age dependency rate	%	%
IRD031_01	Iedzīvotāju vidējais vecums, mediānais vecums un vecumatkarības koeficients pa dzimumiem reģionos, valstspilsētās un novados gada sākumā	Mean age, median age and old age dependency rate of population by sex in regions, State cities and municiplaities at the beginning of the year	MEAN_AGE	Vidējais vecums	Mean age	gadi	years
IRD031_01	Iedzīvotāju vidējais vecums, mediānais vecums un vecumatkarības koeficients pa dzimumiem reģionos, valstspilsētās un novados gada sākumā	Mean age, median age and old age dependency rate of population by sex in regions, State cities and municiplaities at the beginning of the year	MEDIAN_AGE	Mediānais vecums	Median age	gadi	years
IRD041_01	Iedzīvotāji pēc dzimuma un vecuma reģionos, valstspilsētās un novados gada sākumā 	Population in regions, State cities and municipalities by age and gender at the beginning of the year	NUMB	Skaits	Number	skaits	number
IRD080_01	Iedzīvotāji pēc dzimuma un vecuma grupām reģionos, pilsētās, novados un pagastos gada sākumā	Population by sex and age group in regions, cities, municipalities, towns and rural territories at the beginning of year	NUMB	Iedzīvotāju skaits	Population	skaits	number
IRD081_01	Iedzīvotāji pēc dzimuma un vecuma grupām reģionos, pilsētās, novados, pagastos, apkaimēs un blīvi apdzīvotās teritorijās gada sākumā	Population by sex and age group in regions, cities, municipalities, towns, rural territories, neighbourhoods and densely populated areas at beginning of year	NUMB	Skaits	Number	skaits	number
IRE070_01	Iedzīvotāju skaits pēc tautības reģionos, pilsētās, novados un pagastos gada sākumā	Population by ethnicity in regions, cities, municipalities and towns at the beginning of year	NUMB	Skaits	Number	skaits	number
IRE071_01	Iedzīvotāju skaits pēc tautības reģionos, pilsētās, novados, pagastos, apkaimēs un blīvi apdzīvotās teritorijās gada sākumā	Population by ethnicity in regions, cities, municipalities, towns, neighbourhoods and densely populated areas at beginning of year	NUMB	Skaits	Number	skaits	number
IRG011_01	Iedzīvotāju skaits un īpatsvars pēc dzimuma, ģimenes stāvokļa un pa vecuma grupām reģionos, valstspilsētās un novados gada sākumā	Population number and share by sex, marital status and age group in regions, State cities and municipalities at the beginning of the year	NUMB	Skaits	Number	skaits	number
IRG011_01	Iedzīvotāju skaits un īpatsvars pēc dzimuma, ģimenes stāvokļa un pa vecuma grupām reģionos, valstspilsētās un novados gada sākumā	Population number and share by sex, marital status and age group in regions, State cities and municipalities at the beginning of the year	PC	Īpatsvars, %	%	procenti	per cent
IRG020_01	Iedzīvotāji pēc dzimuma un ģimenes stāvokļa reģionos, pilsētās, novados un pagastos gada sākumā	Population by sex and marital status in regions, cities, municipalities, towns and rural territories at the beginning of year	NUMB	Skaits	Number	skaits	number
IRG021_01	Iedzīvotāji pēc dzimuma un ģimenes stāvokļa reģionos, pilsētās, novados, pagastos, apkaimēs un blīvi apdzīvotās teritorijās gada sākumā	Population by sex and marital status in regions, cities, municipalities, towns, rural territories, neighbourhoods and densely populated areas at the beginning of the year	NUMB	Skaits	Number	skaits	number
IRP020_01	Paredzamais mūža ilgums (gados) un mūža ilguma rādītāji	Life expectancy (years) and indicators thereof by age and sex	LIFE_EXPECT	Paredzamais mūža ilgums (gados)	Life expectancy (years)	gadi	years
IRP020_01	Paredzamais mūža ilgums (gados) un mūža ilguma rādītāji	Life expectancy (years) and indicators thereof by age and sex	PROBDEATH	Varbūtība nomirt vecuma intervālā no x līdz x+n gadiem (qx)	Probability of dying between exact ages (qx)	.	.
IRP020_01	Paredzamais mūža ilgums (gados) un mūža ilguma rādītāji	Life expectancy (years) and indicators thereof by age and sex	SURVIVORS	Personu skaits, kas sasniedz vecumu x gadi (lx)	Number left alive at given exact age (lx)	skaits	Number
IRV030_01	Iedzīvotāju skaits un īpatsvars pēc valstiskās piederības un dzimuma reģionos, pilsētās, novados un pagastos gada sākumā	Population number and share by citizenship and sex in regions, cities, municipalities and towns at the beginning of year	NUMB	Skaits	Number	skaits	Number
IRV030_01	Iedzīvotāju skaits un īpatsvars pēc valstiskās piederības un dzimuma reģionos, pilsētās, novados un pagastos gada sākumā	Population number and share by citizenship and sex in regions, cities, municipalities and towns at the beginning of year	PC	Īpatsvars, %	%	procenti	per cent
IRV031_01	Iedzīvotāju skaits un īpatsvars pēc valstiskās piederības un dzimuma reģionos, pilsētās, novados un pagastos, apkaimēs un blīvi apdzīvotās teritorijās gada sākumā	Population number and share by citizenship and sex in regions, cities, municipalities, towns, neighbourhoods and densely populated areas at beginning of year	NUMB	Skaits	Number	skaits	number
IRV031_01	Iedzīvotāju skaits un īpatsvars pēc valstiskās piederības un dzimuma reģionos, pilsētās, novados un pagastos, apkaimēs un blīvi apdzīvotās teritorijās gada sākumā	Population number and share by citizenship and sex in regions, cities, municipalities, towns, neighbourhoods and densely populated areas at beginning of year	PC	Īpatsvars, %	%	procenti	per cent
IRV070_01	Iedzīvotāji pēc dzimuma un dzimšanas valsts reģionos, pilsētās, novados un pagastos gada sākumā	Population by sex and country of birth in regions, cities, municipalities and towns at the beginning of year	NUMB	Skaits	Number	skaits	Number
IRV071_01	Iedzīvotāji pēc dzimuma un dzimšanas valsts reģionos, pilsētās, novados, pagastos, apkaimēs un blīvi apdzīvotās teritorijās gada sākumā	Population by sex and country of birth in regions, cities, municipalities, towns, neighbourhoods and densely populated areas at beginning of year	NUMB	Skaits	Number	skaits	number
IRV100_01	Iedzīvotāju skaits ar ļoti augstu tautas attīstības indeksu (TAI) pēc dzimšanas valsts	Population with very high Human Development Index (HDI) by country of birth	NR	Iedzīvotāju skaits	Iedzīvotāju skaits	skaits	number
IRV100_02	Iedzīvotāju skaits ar augstu tautas attīstības indeksu (TAI) pēc dzimšanas valsts	Population with high Human Development Index (HDI) by country of birth	NR	Iedzīvotāju skaits	Iedzīvotāju skaits	skaits	number
IRV100_03	Iedzīvotāju skaits ar vidēju tautas attīstības indeksu (TAI) pēc dzimšanas valsts	Population with medium Human Development Index (HDI) by country of birth	NR	Iedzīvotāju skaits	Iedzīvotāju skaits	skaits	number
IRV100_04	Iedzīvotāju skaits ar zemu tautas attīstības indeksu (TAI) pēc dzimšanas valsts	Population with low Human Development Index (HDI) by country of birth	NR	Iedzīvotāju skaits	Iedzīvotāju skaits	skaits	number
IRV110_01	Iedzīvotāju skaits ar ļoti augstu tautas attīstības indeksu (TAI) pēc valstiskās piederības	Population with very high Human Development Index (HDI) by citizenship	NR	Iedzīvotāju skaits	Population	skaits	number
IRV110_02	Iedzīvotāju skaits ar augstu tautas attīstības indeksu (TAI) pēc valstiskās piederības	Population with high Human Development Index (HDI) by citizenship	NR	Iedzīvotāju skaits	Population	skaits	number
IRV110_03	Iedzīvotāju skaits ar vidēju tautas attīstības indeksu (TAI) pēc valstiskās piederības	Population with medium Human Development Index (HDI) by citizenship	NR	Iedzīvotāju skaits	Population	skaits	number
IRV110_04	Iedzīvotāju skaits ar zemu tautas attīstības indeksu (TAI) pēc valstiskās piederības	Population with low Human Development Index (HDI) by citizenship	NR	Iedzīvotāju skaits	Population	skaits	number
IZT010_01	15 gadus veci un vecāki Latvijas pastāvīgie iedzīvotāji pēc augstākā sekmīgi iegūtā izglītības līmeņa, dzimuma un pa vecuma grupām gada sākumā	15 gadus veci un vecāki Latvijas pastāvīgie iedzīvotāji pēc augstākā sekmīgi iegūtā izglītības līmeņa, dzimuma un pa vecuma grupām gada sākumā	NUMB	Skaits	Number	skaits	number
NBB130_01	Bezdarbu raksturojošie papildu rādītāji pa vecuma grupām un pēc dzimuma	Supplementary indicators to unemployment by age group and sex	NUMB	Skaits (tūkst.)	Number (thousand)	skaits, tūkst.	Number (thousand)
NBB130_01	Bezdarbu raksturojošie papildu rādītāji pa vecuma grupām un pēc dzimuma	Supplementary indicators to unemployment by age group and sex	PC	Īpatsvars ekonomiski aktīvo iedzīvotāju kopskaitā, %	Share in total active population, %	procenti	per cent
NNI020_01	S80S20 ienākumu kvintiļu attiecības indekss pēc vecuma	S80/S20 income quintile share ratio by age	RAT	S80/S20 ienākumu kvintiļu attiecības indekss	Ratio	procenti	per cent
NNI020_02	S80/S20 ienākumu kvintiļu attiecības indekss statistiskajos reģionos	S80/S20 income quintile share ratio in statistical regions	RAT	S80/S20 ienākumu kvintiļu attiecības indekss	Ratio	procenti	per cent
NNI020_04	S80S20 ienākumu kvintiļu attiecības indekss pēc dzimuma	S80/S20 income quintile share ratio by sex	RAT	S80/S20 ienākumu kvintiļu attiecības indekss	Ratio	procenti	per cent
NNN180_01	Iedzīvotāju īpatsvars, kuri ir pakļauti materiālai un sociālai nenodrošinātībai (%)	Material and social deprivation rate among persons (%)	PC	Iedzīvotāju īpatsvars (%)	The rate of persons (%)	procenti	per cent
NNN180_02	Iedzīvotāju īpatsvars, kuri ir pakļauti materiālai un sociālai nenodrošinātībai (%), pilsētās, laukos un statistiskajos reģionos	Material and social deprivation rate among persons (%), in urban and rural areas and in statistical regions	PC	Iedzīvotāju īpatsvars (%)	The rate of persons (%)	procenti	per cent
NNN180_03	Iedzīvotāju īpatsvars, kuri ir pakļauti materiālai un sociālai nenodrošinātībai pēc kvintiļu grupas (%)	Material and social deprivation rate among persons by quintile groups (%)	PC	Iedzīvotāju īpatsvars (%)	The rate of persons (%)	procenti	per cent
NNN180_04	Iedzīvotāju īpatsvars, kuri ir pakļauti materiālai un sociālai nenodrošinātībai pēc mājsaimniecību tipa (%)	Material and social deprivation rate among persons by household types (%)	PC	Iedzīvotāju īpatsvars (%)	The rate of persons (%)	procenti	per cent
NNN180_05	Iedzīvotāju īpatsvars, kuri ir pakļauti materiālai un sociālai nenodrošinātībai pēc pamatnodarbošanās statusa (%)	Material and social deprivation rate among persons by most frequent activity (%)	PC	Iedzīvotāju īpatsvars (%)	The rate of persons (%)	procenti	per cent
NNN180_06	Iedzīvotāju īpatsvars, kuri ir pakļauti materiālai un sociālai nenodrošinātībai pēc izglītības (%)	Material and social deprivation rate among persons education (%)	PC	Iedzīvotāju īpatsvars (%)	The rate of persons (%)	procenti	per cent
NNN180_07	Iedzīvotāju īpatsvars, kuri ir pakļauti materiālai un sociālai nenodrošinātībai pēc bērnu vecāku izglītības (%)	Material and social deprivation rate among persons by children's parents education (%)	PC	Iedzīvotāju īpatsvars (%)	The rate of persons (%)	procenti	per cent
NNN180_09	Iedzīvotāju īpatsvars, kuri ir pakļauti materiālai un sociālai nenodrošinātībai pēc valstiskās piederības (%)	Material and social deprivation rate among persons by citizenship (%)	PC	Iedzīvotāju īpatsvars (%)	The rate of persons (%)	procenti	per cent
NNN180_10	Iedzīvotāju īpatsvars, kuri ir pakļauti materiālai un sociālai nenodrošinātībai pēc dzimšanas valsts (%)	Material and social deprivation rate among persons by country of birth (%)	PC	Iedzīvotāju īpatsvars (%)	The rate of persons (%)	procenti	per cent
NNR030_01	Nabadzības riska indekss pēc ekonomiskās aktivitātes statusa, dzimuma un vecuma (procentos)	At-risk-of-poverty rate by labour status, sex and age (per cent)	LI_R	Nabadzības riska indekss	At-risk-of-poverty rate	procenti	per cent
NNR132_01	Iedzīvotāju īpatsvars, kuri pakļauti nabadzības riskam vai sociālai atstumtībai pēc pamatnodarbošanās statusa (%)	People at risk of poverty or social exclusion by most frequent activity (%)	PC	Iedzīvotāju īpatsvars	People at risk of poverty (%)	procenti	per cent
NNR132_02	Iedzīvotāju īpatsvars, kuri pakļauti nabadzības riskam vai sociālai atstumtībai pēc izglītības (%)	People at risk of poverty or social exclusion by education level (%)	PC	Iedzīvotāju īpatsvars	People at risk of poverty (%)	procenti	per cent
NNR132_03	Iedzīvotāju īpatsvars, kuri pakļauti nabadzības riskam vai sociālai atstumtībai pēc valstiskās piederības (%)	People at risk of poverty or social exclusion by citizenship (%)	PC	Iedzīvotāju īpatsvars	People at risk of poverty (%)	procenti	per cent
NNR132_04	Iedzīvotāju īpatsvars, kuri pakļauti nabadzības riskam vai sociālai atstumtībai pēc dzimšanas valsts (%)	People at risk of poverty or social exclusion by country of birth (%)	PC	Iedzīvotāju īpatsvars	People at risk of poverty (%)	procenti	per cent
NNR132_05	Iedzīvotāju īpatsvars, kuri pakļauti nabadzības riskam vai sociālai atstumtībai pēc kvintiļu grupas (%)	People at risk of poverty or social exclusion by quintile groups (%)	PC	Iedzīvotāju īpatsvars	People at risk of poverty (%)	procenti	per cent
NNR140_01	Nabadzības riska indekss 18 gadus veciem un vecākiem iedzīvotājiem pēc izglītības līmeņa (%)	At-risk-of-poverty by education level for population aged 18+ (%)	LI_R	Nabadzības riska indekss (2004)	At-risk-of-poverty rate	procenti	%
NNR150_01	Nabadzības riska indekss pēc pilsonības un vecuma (%)	At-risk-of-poverty rate by citizenship and age (%)	LI_R	Nabadzības riska indekss (2004)	At-risk-of-poverty rate	procenti	%
NNR150_02	Nabadzības riska indekss pēc dzimšanas valsts un vecuma (%)	At-risk-of-poverty rate by country of birth and age (%)	LI_R	Nabadzības riska indekss (2004)	At-risk-of-poverty rate	procenti	%
NNR170_01	Nabadzības riska indekss pēc kvintiļu grupas (%)	At-risk-of-poverty rate by quintile groups (%)	LI_R	Nabadzības riska indekss pēc kvintiļu grupas (%)	At-risk-of-poverty rate by quintile groups (%)	procenti	per cent
NNR180_01	Iedzīvotāju īpatsvars, kas dzīvo mājsaimniecībās ar ļoti zemu darba intensitāti pēc dzimuma (%)	People living in a households with very low work intensity by sex (%)	PC	Iedzīvotāju īpatsvars, %	Share of population, %	procenti	per cent
NNR180_02	Iedzīvotāju īpatsvars, kas dzīvo mājsaimniecībās ar ļoti zemu darba intensitāti pēc vecuma (%)	People living in a households with very low work intensity by age (%)	PC	Iedzīvotāju īpatsvars, %	Share of population, %	procenti	per cent
NNR180_03	Iedzīvotāju īpatsvars, kas dzīvo mājsaimniecībās ar ļoti zemu darba intensitāti pēc pamatnodarbošanās statusa (%)	People living in a households with very low work intensity by most frequent activity (%)	PC	Iedzīvotāju īpatsvars, %	Share of population, %	procenti	per cent
NNR180_04	Iedzīvotāju īpatsvars, kas dzīvo mājsaimniecībās ar ļoti zemu darba intensitāti pēc izglītības (%)	People living in a households with very low work intensity by education level (%)	PC	Iedzīvotāju īpatsvars, %	Share of population, %	procenti	per cent
NNR180_05	Iedzīvotāju īpatsvars, kas dzīvo mājsaimniecībās ar ļoti zemu darba intensitāti pēc valstiskās piederības (%)	People living in a households with very low work intensity by citizenship (%)	PC	Iedzīvotāju īpatsvars, %	Share of population, %	procenti	per cent
NNR180_06	Iedzīvotāju īpatsvars, kas dzīvo mājsaimniecībās ar ļoti zemu darba intensitāti pēc dzimšanas valsts (%)	People living in a households with very low work intensity by country of birth (%)	PC	Iedzīvotāju īpatsvars, %	Share of population, %	procenti	per cent
NNR180_07	Iedzīvotāju īpatsvars, kas dzīvo mājsaimniecībās ar ļoti zemu darba intensitāti pēc kvintiļu grupas (%)	People living in a households with very low work intensity by quintile groups (%)	PC	Iedzīvotāju īpatsvars, %	Share of population, %	procenti	per cent
NPV010_01	Nodarbināto iedzīvotāju skaits, darbvietu skaits, radītā pievienotā un produkcijas vērtība pēc faktiskās dzīvesvietas (eksperimentālā statistika)	Number of employed population and workplaces, value added and production value generated by employed population by actual place of residence (experimental statistics)	ADDED	Pievienotā vērtība, eiro	Value added, euro	eiro	euro
NPV010_01	Nodarbināto iedzīvotāju skaits, darbvietu skaits, radītā pievienotā un produkcijas vērtība pēc faktiskās dzīvesvietas (eksperimentālā statistika)	Number of employed population and workplaces, value added and production value generated by employed population by actual place of residence (experimental statistics)	EMP	Nodarbināto personu skaits	Number of employees	skaits	number
NPV010_01	Nodarbināto iedzīvotāju skaits, darbvietu skaits, radītā pievienotā un produkcijas vērtība pēc faktiskās dzīvesvietas (eksperimentālā statistika)	Number of employed population and workplaces, value added and production value generated by employed population by actual place of residence (experimental statistics)	PROD	Produkcijas vērtība, eiro	Production value, euro	eiro	euro
NPV010_01	Nodarbināto iedzīvotāju skaits, darbvietu skaits, radītā pievienotā un produkcijas vērtība pēc faktiskās dzīvesvietas (eksperimentālā statistika)	Number of employed population and workplaces, value added and production value generated by employed population by actual place of residence (experimental statistics)	WP	Darbvietu skaits	Number of workplaces	skaits	number
NPV011_01	Nodarbināto iedzīvotāju skaits, darbvietu skaits, radītā pievienotā un produkcijas vērtība pēc faktiskās dzīvesvietas un NACE (eksperimentālā statistika)	Number of employed population and workplaces, value added and production value generated by employed population by actual place of residence and NACE (experimental statistics)	ADDED	Pievienotā vērtība, eiro	Value added, euro	eiro	euro
NPV011_01	Nodarbināto iedzīvotāju skaits, darbvietu skaits, radītā pievienotā un produkcijas vērtība pēc faktiskās dzīvesvietas un NACE (eksperimentālā statistika)	Number of employed population and workplaces, value added and production value generated by employed population by actual place of residence and NACE (experimental statistics)	EMP	Nodarbināto personu skaits	Number of employees	skaits	number
NPV011_01	Nodarbināto iedzīvotāju skaits, darbvietu skaits, radītā pievienotā un produkcijas vērtība pēc faktiskās dzīvesvietas un NACE (eksperimentālā statistika)	Number of employed population and workplaces, value added and production value generated by employed population by actual place of residence and NACE (experimental statistics)	PROD	Produkcijas vērtība, eiro	Production value, euro	eiro	euro
NPV011_01	Nodarbināto iedzīvotāju skaits, darbvietu skaits, radītā pievienotā un produkcijas vērtība pēc faktiskās dzīvesvietas un NACE (eksperimentālā statistika)	Number of employed population and workplaces, value added and production value generated by employed population by actual place of residence and NACE (experimental statistics)	WP	Darbvietu skaits	Number of workplaces	skaits	number
NPV012_01	Nodarbināto iedzīvotāju skaits, darbvietu skaits, radītā pievienotā un produkcijas vērtība pēc faktiskās dzīvesvietas un sektora (eksperimentālā statistika)	Number of employed population and workplaces, value added and production value generated by employed population by actual place of residence and sector (experimental statistics)	ADDED	Pievienotā vērtība, eiro	Value added, euro	eiro	euro
NPV012_01	Nodarbināto iedzīvotāju skaits, darbvietu skaits, radītā pievienotā un produkcijas vērtība pēc faktiskās dzīvesvietas un sektora (eksperimentālā statistika)	Number of employed population and workplaces, value added and production value generated by employed population by actual place of residence and sector (experimental statistics)	EMP	Nodarbināto personu skaits	Number of employees	skaits	number
NPV012_01	Nodarbināto iedzīvotāju skaits, darbvietu skaits, radītā pievienotā un produkcijas vērtība pēc faktiskās dzīvesvietas un sektora (eksperimentālā statistika)	Number of employed population and workplaces, value added and production value generated by employed population by actual place of residence and sector (experimental statistics)	PROD	Produkcijas vērtība, eiro	Production value, euro	eiro	euro
NPV012_01	Nodarbināto iedzīvotāju skaits, darbvietu skaits, radītā pievienotā un produkcijas vērtība pēc faktiskās dzīvesvietas un sektora (eksperimentālā statistika)	Number of employed population and workplaces, value added and production value generated by employed population by actual place of residence and sector (experimental statistics)	WP	Darbvietu skaits	Number of workplaces	skaits	number
NPV013_01	Nodarbināto iedzīvotāju skaits, darbvietu skaits, radītā pievienotā un produkcijas vērtība pēc faktiskās dzīvesvietas (eksperimentālā statistika)	Number of employed population and workplaces, value added and production value generated by employed population by actual place of residence and profession (experimental statistics)	ADDED	Pievienotā vērtība, eiro	Value added, euro	eiro	euro
NPV013_01	Nodarbināto iedzīvotāju skaits, darbvietu skaits, radītā pievienotā un produkcijas vērtība pēc faktiskās dzīvesvietas (eksperimentālā statistika)	Number of employed population and workplaces, value added and production value generated by employed population by actual place of residence and profession (experimental statistics)	EMP	Nodarbināto personu skaits	Number of employees	skaits	number
NPV013_01	Nodarbināto iedzīvotāju skaits, darbvietu skaits, radītā pievienotā un produkcijas vērtība pēc faktiskās dzīvesvietas (eksperimentālā statistika)	Number of employed population and workplaces, value added and production value generated by employed population by actual place of residence and profession (experimental statistics)	PROD	Produkcijas vērtība, eiro	Production value, euro	eiro	euro
NPV013_01	Nodarbināto iedzīvotāju skaits, darbvietu skaits, radītā pievienotā un produkcijas vērtība pēc faktiskās dzīvesvietas (eksperimentālā statistika)	Number of employed population and workplaces, value added and production value generated by employed population by actual place of residence and profession (experimental statistics)	WP	Darbvietu skaits	Number of workplaces	skaits	number
NPV020_01	Vietējā darbības veida vienībās nodarbināto un darbvietu skaits, radītā pievienotā un produkcijas vērtība (eksperimentālā statistika)	Number of employees and workplaces in, value added generated by and production value of local kind of activity unit (experimental statistics)	ADDED	Pievienotā vērtība, eiro	Value added, euro	eiro	euro
NPV020_01	Vietējā darbības veida vienībās nodarbināto un darbvietu skaits, radītā pievienotā un produkcijas vērtība (eksperimentālā statistika)	Number of employees and workplaces in, value added generated by and production value of local kind of activity unit (experimental statistics)	EMP	Nodarbināto personu skaits	Number of employees	skaits	number
NPV020_01	Vietējā darbības veida vienībās nodarbināto un darbvietu skaits, radītā pievienotā un produkcijas vērtība (eksperimentālā statistika)	Number of employees and workplaces in, value added generated by and production value of local kind of activity unit (experimental statistics)	PROD	Produkcijas vērtība, eiro	Production value, euro	eiro	euro
NPV020_01	Vietējā darbības veida vienībās nodarbināto un darbvietu skaits, radītā pievienotā un produkcijas vērtība (eksperimentālā statistika)	Number of employees and workplaces in, value added generated by and production value of local kind of activity unit (experimental statistics)	WP	Darbvietu skaits	Number of workplaces	skaits	number
NPV021_01	Vietējā darbības veida vienībās nodarbināto un darbvietu skaits, radītā pievienotā un produkcijas vērtība pēc NACE (eksperimentālā statistika)	Number of employees and workplaces in, value added generated by and production value of local kind of activity unit by NACE (experimental statistics)	ADDED	Pievienotā vērtība, eiro	Value added, euro	eiro	euro
NPV021_01	Vietējā darbības veida vienībās nodarbināto un darbvietu skaits, radītā pievienotā un produkcijas vērtība pēc NACE (eksperimentālā statistika)	Number of employees and workplaces in, value added generated by and production value of local kind of activity unit by NACE (experimental statistics)	EMP	Nodarbināto personu skaits	Number of employees	skaits	number
NPV021_01	Vietējā darbības veida vienībās nodarbināto un darbvietu skaits, radītā pievienotā un produkcijas vērtība pēc NACE (eksperimentālā statistika)	Number of employees and workplaces in, value added generated by and production value of local kind of activity unit by NACE (experimental statistics)	PROD	Produkcijas vērtība, eiro	Production value, euro	eiro	euro
NPV021_01	Vietējā darbības veida vienībās nodarbināto un darbvietu skaits, radītā pievienotā un produkcijas vērtība pēc NACE (eksperimentālā statistika)	Number of employees and workplaces in, value added generated by and production value of local kind of activity unit by NACE (experimental statistics)	WP	Darbvietu skaits	Number of workplaces	skaits	number
NPV022_01	Vietējā darbības veida vienībās nodarbināto un darbvietu skaits, radītā pievienotā un produkcijas vērtība pēc sektora (eksperimentālā statistika)	Number of employees and workplaces in, value added generated by and production value of local kind of activity unit by sector (experimental statistics)	ADDED	Pievienotā vērtība, eiro	Value added, euro	eiro	euro
NPV022_01	Vietējā darbības veida vienībās nodarbināto un darbvietu skaits, radītā pievienotā un produkcijas vērtība pēc sektora (eksperimentālā statistika)	Number of employees and workplaces in, value added generated by and production value of local kind of activity unit by sector (experimental statistics)	EMP	Nodarbināto personu skaits	Number of employees	skaits	number
NPV022_01	Vietējā darbības veida vienībās nodarbināto un darbvietu skaits, radītā pievienotā un produkcijas vērtība pēc sektora (eksperimentālā statistika)	Number of employees and workplaces in, value added generated by and production value of local kind of activity unit by sector (experimental statistics)	PROD	Produkcijas vērtība, eiro	Production value, euro	eiro	euro
NPV022_01	Vietējā darbības veida vienībās nodarbināto un darbvietu skaits, radītā pievienotā un produkcijas vērtība pēc sektora (eksperimentālā statistika)	Number of employees and workplaces in, value added generated by and production value of local kind of activity unit by sector (experimental statistics)	WP	Darbvietu skaits	Number of workplaces	skaits	number
NPV023_01	Vietējā darbības veida vienībās nodarbināto un darbvietu skaits, radītā pievienotā un produkcijas vērtība pēc profesijas (eksperimentālā statistika)	Number of employees and workplaces in, value added generated by and production value of local kind of activity unit by profession (experimental statistics)	ADDED	Pievienotā vērtība, eiro	Value added, euro	eiro	euro
NPV023_01	Vietējā darbības veida vienībās nodarbināto un darbvietu skaits, radītā pievienotā un produkcijas vērtība pēc profesijas (eksperimentālā statistika)	Number of employees and workplaces in, value added generated by and production value of local kind of activity unit by profession (experimental statistics)	EMP	Nodarbināto personu skaits	Number of employees	skaits	number
NPV023_01	Vietējā darbības veida vienībās nodarbināto un darbvietu skaits, radītā pievienotā un produkcijas vērtība pēc profesijas (eksperimentālā statistika)	Number of employees and workplaces in, value added generated by and production value of local kind of activity unit by profession (experimental statistics)	PROD	Produkcijas vērtība, eiro	Production value, euro	eiro	euro
NPV023_01	Vietējā darbības veida vienībās nodarbināto un darbvietu skaits, radītā pievienotā un produkcijas vērtība pēc profesijas (eksperimentālā statistika)	Number of employees and workplaces in, value added generated by and production value of local kind of activity unit by profession (experimental statistics)	WP	Darbvietu skaits	Number of workplaces	skaits	number
NPV030_01	Nodarbināto iedzīvotāju svārstmigrācija, darbvietu skaits, radītā pievienotā un produkcijas vērtība (eksperimentālā statistika)	Commuting, number of workplaces, value added and production value generated by employed population (experimental statistics)	ADDED	Pievienotā vērtība, eiro	Value added, euro	eiro	euro
NPV030_01	Nodarbināto iedzīvotāju svārstmigrācija, darbvietu skaits, radītā pievienotā un produkcijas vērtība (eksperimentālā statistika)	Commuting, number of workplaces, value added and production value generated by employed population (experimental statistics)	EMP	Nodarbināto personu skaits	Number of employees	skaits	number
NPV030_01	Nodarbināto iedzīvotāju svārstmigrācija, darbvietu skaits, radītā pievienotā un produkcijas vērtība (eksperimentālā statistika)	Commuting, number of workplaces, value added and production value generated by employed population (experimental statistics)	PROD	Produkcijas vērtība, eiro	Production value, euro	eiro	euro
NPV030_01	Nodarbināto iedzīvotāju svārstmigrācija, darbvietu skaits, radītā pievienotā un produkcijas vērtība (eksperimentālā statistika)	Commuting, number of workplaces, value added and production value generated by employed population (experimental statistics)	WP	Darbvietu skaits	Number of workplaces	skaits	number
NPV031_01	Nodarbināto iedzīvotāju svārstmigrācija, darbvietu skaits, radītā pievienotā un produkcijas vērtība pēc NACE (eksperimentālā statistika)	Commuting, number of workplaces, value added and production value generated by employed population by NACE (experimental statistics)	ADDED	Pievienotā vērtība, eiro	Value added, euro	eiro	euro
NPV031_01	Nodarbināto iedzīvotāju svārstmigrācija, darbvietu skaits, radītā pievienotā un produkcijas vērtība pēc NACE (eksperimentālā statistika)	Commuting, number of workplaces, value added and production value generated by employed population by NACE (experimental statistics)	EMP	Nodarbināto personu skaits	Number of employees	skaits	number
NPV031_01	Nodarbināto iedzīvotāju svārstmigrācija, darbvietu skaits, radītā pievienotā un produkcijas vērtība pēc NACE (eksperimentālā statistika)	Commuting, number of workplaces, value added and production value generated by employed population by NACE (experimental statistics)	PROD	Produkcijas vērtība, eiro	Production value, euro	eiro	euro
NPV031_01	Nodarbināto iedzīvotāju svārstmigrācija, darbvietu skaits, radītā pievienotā un produkcijas vērtība pēc NACE (eksperimentālā statistika)	Commuting, number of workplaces, value added and production value generated by employed population by NACE (experimental statistics)	WP	Darbvietu skaits	Number of workplaces	skaits	number
NPV032_01	Nodarbināto iedzīvotāju svārstmigrācija, darbvietu skaits, radītā pievienotā un produkcijas vērtība pēc sektora (eksperimentālā statistika)	Commuting, number of workplaces, value added and production value generated by employed population by sector (experimental statistics)	ADDED	Pievienotā vērtība, eiro	Value added, euro	eiro	euro
NPV032_01	Nodarbināto iedzīvotāju svārstmigrācija, darbvietu skaits, radītā pievienotā un produkcijas vērtība pēc sektora (eksperimentālā statistika)	Commuting, number of workplaces, value added and production value generated by employed population by sector (experimental statistics)	EMP	Nodarbināto personu skaits	Number of employees	skaits	number
NPV032_01	Nodarbināto iedzīvotāju svārstmigrācija, darbvietu skaits, radītā pievienotā un produkcijas vērtība pēc sektora (eksperimentālā statistika)	Commuting, number of workplaces, value added and production value generated by employed population by sector (experimental statistics)	PROD	Produkcijas vērtība, eiro	Production value, euro	eiro	euro
NPV032_01	Nodarbināto iedzīvotāju svārstmigrācija, darbvietu skaits, radītā pievienotā un produkcijas vērtība pēc sektora (eksperimentālā statistika)	Commuting, number of workplaces, value added and production value generated by employed population by sector (experimental statistics)	WP	Darbvietu skaits	Number of workplaces	skaits	number
NPV033_01	Nodarbināto iedzīvotāju svārstmigrācija, darbvietu skaits, radītā pievienotā un produkcijas vērtība pēc profesijas (eksperimentālā statistika)	Commuting, number of workplaces, value added and production value generated by employed population by profession (experimental statistics)	ADDED	Pievienotā vērtība, eiro	Value added, euro	eiro	euro
NPV033_01	Nodarbināto iedzīvotāju svārstmigrācija, darbvietu skaits, radītā pievienotā un produkcijas vērtība pēc profesijas (eksperimentālā statistika)	Commuting, number of workplaces, value added and production value generated by employed population by profession (experimental statistics)	EMP	Nodarbināto personu skaits	Number of employees	skaits	number
NPV033_01	Nodarbināto iedzīvotāju svārstmigrācija, darbvietu skaits, radītā pievienotā un produkcijas vērtība pēc profesijas (eksperimentālā statistika)	Commuting, number of workplaces, value added and production value generated by employed population by profession (experimental statistics)	PROD	Produkcijas vērtība, eiro	Production value, euro	eiro	euro
NPV033_01	Nodarbināto iedzīvotāju svārstmigrācija, darbvietu skaits, radītā pievienotā un produkcijas vērtība pēc profesijas (eksperimentālā statistika)	Commuting, number of workplaces, value added and production value generated by employed population by profession (experimental statistics)	WP	Darbvietu skaits	Number of workplaces	skaits	number
RIG010_01	Iedzīvotāji pēc dzimuma un vecuma grupām reģionos, novados, pilsētās, pagastos, ciemos (atbilstoši robežām 2023. gada sākumā), apkaimēs un blīvi apdzīvotās teritorijās (eksperimentālā statistika)	Population in regions, cities, municipalities, towns, rural territories, villages (based on the boundaries in force at the beginning of 2023), neighbourhoods and densely populated areas by sex and age group (experimental statistics)	NUMB	Skaits	Number	skaits	Number
RIG010_01	Iedzīvotāji pēc dzimuma un vecuma grupām reģionos, novados, pilsētās, pagastos, ciemos (atbilstoši robežām 2023. gada sākumā), apkaimēs un blīvi apdzīvotās teritorijās (eksperimentālā statistika)	Population in regions, cities, municipalities, towns, rural territories, villages (based on the boundaries in force at the beginning of 2023), neighbourhoods and densely populated areas by sex and age group (experimental statistics)	PC	%	%	procenti	per cent
RIG020_01	Iedzīvotāju vidējais vecums reģionos, novados, pilsētās, pagastos (atbilstoši robežām 2023. gada sākumā), apkaimēs un blīvi apdzīvotās teritorijās (eksperimentālā statistika)	Mean age of population in regions, cities, municipalities, towns, rural territories (based on the boundaries in force at the beginning of 2023), neighbourhoods and densely populated area (experimental statistics)	AGE	Vidējais vecums	Mean age	gadi	years
RIG030_01	Iedzīvotāju skaits pēc valstiskās piederības reģionos, novados, pilsētās, pagastos (atbilstoši robežām 2023. gada sākumā), apkaimēs un blīvi apdzīvotās teritorijās (eksperimentālā statistika)	Population in regions, cities, municipalities, towns, rural territories (based on the boundaries in force at the beginning of 2023), neighbourhoods and densely populated areas by citizenship (based on the boundaries in force at the beginning of 2020,	NUMB	Skaits	Number	skaits	Number
RIG030_01	Iedzīvotāju skaits pēc valstiskās piederības reģionos, novados, pilsētās, pagastos (atbilstoši robežām 2023. gada sākumā), apkaimēs un blīvi apdzīvotās teritorijās (eksperimentālā statistika)	Population in regions, cities, municipalities, towns, rural territories (based on the boundaries in force at the beginning of 2023), neighbourhoods and densely populated areas by citizenship (based on the boundaries in force at the beginning of 2020,	PC	%	%	procenti	per cent
RIG040_01	Iedzīvotāju skaits pēc tautības reģionos, novados, pilsētās, pagastos (atbilstoši robežām 2023. gada sākumā), apkaimēs un blīvi apdzīvotās teritorijās (eksperimentālā statistika)	Population in regions, cities, municipalities, towns, rural territories (based on the boundaries in force at the beginning of 2023), neighbourhoods and densely populated areas by ethnicity (experimental statistics)	NUMB	Skaits	Number	skaits	Number
RIG040_01	Iedzīvotāju skaits pēc tautības reģionos, novados, pilsētās, pagastos (atbilstoši robežām 2023. gada sākumā), apkaimēs un blīvi apdzīvotās teritorijās (eksperimentālā statistika)	Population in regions, cities, municipalities, towns, rural territories (based on the boundaries in force at the beginning of 2023), neighbourhoods and densely populated areas by ethnicity (experimental statistics)	PC	%	%	procenti	per cent
RIG050_01	Iedzīvotāju skaita izmaiņu iemesli reģionos, novados, pilsētās, pagastos (atbilstoši robežām 2023. gada sākumā), apkaimēs un blīvi apdzīvotās teritorijās salīdzinot stāvokli divos datumos (eksperimentālā statistika)	Situation in population in regions, cities, municipalities, towns, rural territories (based on the boundaries in force at the beginning of 2023), neighbourhoods and densely populated areas on two dates (experimental statistics)	NUMB	Skaits	Number	skaits	Number
RIG050_01	Iedzīvotāju skaita izmaiņu iemesli reģionos, novados, pilsētās, pagastos (atbilstoši robežām 2023. gada sākumā), apkaimēs un blīvi apdzīvotās teritorijās salīdzinot stāvokli divos datumos (eksperimentālā statistika)	Situation in population in regions, cities, municipalities, towns, rural territories (based on the boundaries in force at the beginning of 2023), neighbourhoods and densely populated areas on two dates (experimental statistics)	PC	%	%	procenti	per cent
RIG070_01	Vismaz 18 gadus vecu pastāvīgo iedzīvotāju īpatsvars ar augstāko izglītību vai doktora grādu reģionos, novados, pilsētās, pagastos (atbilstoši robežām 2023. gada sākumā), apkaimēs un blīvi apdzīvotās teritorijās	Share of permanent residents aged 18 and over who have highest education or doctorate degree in regions, cities, municipalities, towns, rural territories (based on the boundaries in force at the beginning of 2023), neighbourhoods and DPAs	PC	%	%	procenti	per cent
RIG080_01	Vismaz 25 gadus vecu pastāvīgo iedzīvotāju vidējā izglītošanās laika indekss reģionos, novados, pilsētās, pagastos (atbilstoši robežām 2023. gada sākumā), apkaimēs un blīvi apdzīvotās teritorijās gada sākumā	Index of mean years of schooling of permanent residents aged 25 and over in regions, cities, municipalities, towns, rural territories (based on the boundaries in force at the beginning of 2023), neighbourhoods and densely populated areas	EDU_INDEX	Iedzīvotāju vidējā izglītošanās laika indekss	Index of mean years of schooling	indekss	index
RIG090_01	Darba meklētāju/bezdarbnieku īpatsvars 15–74 gadus vecu ekonomiski aktīvo iedzīvotāju vidū reģionos, novados, pilsētās, pagastos (atbilstoši robežām 2023. gada sākumā), apkaimēs un blīvi apdzīvotās teritorijās	Share of unemployed persons among economically active population aged 15–74 in regions, cities, municipalities, towns, rural territories (based on the boundaries in force at the beginning of 2023), neighbourhoods and densely populated areas	PC	%	%	procenti	per cent
RIG100_01	Pilnībā pret Covid-19 pirmreizēji vakcinētie iedzīvotāji reģionos, novados, pilsētās, pagastos (atbilstoši robežām 2023. gada sākumā), apkaimēs un blīvi apdzīvotās teritorijās (eksperimentālā statistika)	Population fully primary vaccinated against Covid-19 in regions, cities, municipalities, towns, rural territories (based on the boundaries in force at the beginning of 2023), neighbourhoods and densely populated areas (experimental statistics)	NUMB	Skaits	Number	skaits	number
RIG100_01	Pilnībā pret Covid-19 pirmreizēji vakcinētie iedzīvotāji reģionos, novados, pilsētās, pagastos (atbilstoši robežām 2023. gada sākumā), apkaimēs un blīvi apdzīvotās teritorijās (eksperimentālā statistika)	Population fully primary vaccinated against Covid-19 in regions, cities, municipalities, towns, rural territories (based on the boundaries in force at the beginning of 2023), neighbourhoods and densely populated areas (experimental statistics)	PC	%	%	procenti	per cent
RIG101_01	Pilnībā pret Covid-19 pirmreizēji vakcinēto iedzīvotāju īpatsvars pēc vecuma grupām un tautības reģionos, novados, pilsētās, pagastos (atbilstoši robežām 2023. gada sākumā) un Rīgas apkaimēs (eksperimentālā statistika)	Share of population fully vaccinated against Covid-19 in regions, cities, municipalities, towns, rural territories (based on the boundaries in force at the beginning of 2023) and Riga neighbourhoods by age group and ethnicity, experimental statistics	PC	%	%	procenti	per cent
RIG110_01	Mēneša darba samaksa pēc dzīvesvietas reģionos, novados, pilsētās, pagastos (atbilstoši robežām 2023. gada sākumā), apkaimēs un blīvi apdzīvotās teritorijās (eksperimentālā statistika)	Monthly wages and salaries in regions, cities, municipalities, towns, rural territories (based on the boundaries in force at the beginning of 2023), neighbourhoods and densely populated areas by place of residence (experimental statistics)	EUR	EUR	EUR	eiro	euro
RUA040_01	Saražotā un pārdotā rūpniecības produkcija un sniegtie rūpnieciskie pakalpojumi (PRODCOM klasifikācijas 8 zīmēs), (uzņēmumu skaits; daudzums; tūkst. eiro)	Production, sales and industrial services of industrial products (PRODCOM at 8 digits), (quantity; thousand euro)	ENT	Uzņēmumu skaits	Number of enterprises	skaits	number
RUA040_01	Saražotā un pārdotā rūpniecības produkcija un sniegtie rūpnieciskie pakalpojumi (PRODCOM klasifikācijas 8 zīmēs), (uzņēmumu skaits; daudzums; tūkst. eiro)	Production, sales and industrial services of industrial products (PRODCOM at 8 digits), (quantity; thousand euro)	QNT	Daudzums	Quantity	n	n
RUA040_01	Saražotā un pārdotā rūpniecības produkcija un sniegtie rūpnieciskie pakalpojumi (PRODCOM klasifikācijas 8 zīmēs), (uzņēmumu skaits; daudzums; tūkst. eiro)	Production, sales and industrial services of industrial products (PRODCOM at 8 digits), (quantity; thousand euro)	VAL	Vērtība (tūkst. eiro)	Value (thousand euro)	tūkst. eiro	thousand euro
TER010_01	Iedzīvotāji pēc dzimuma un darbspējas vecuma grupām 1×1 km režģa šūnās (eksperimentālā statistika)	Population by sex and working age group in 1×1 km grid cells (experimental statistics)	NUMB	Skaits	Number	skaits	Number
TER010_01	Iedzīvotāji pēc dzimuma un darbspējas vecuma grupām 1×1 km režģa šūnās (eksperimentālā statistika)	Population by sex and working age group in 1×1 km grid cells (experimental statistics)	PC	%	%	procenti	percent
TER010_02	Iedzīvotāji pēc dzimuma un darbspējas vecuma grupām 100×100 m režģa šūnās (eksperimentālā statistika)	Population by sex and working age group in 100×100 m grid cells (experimental statistics)	NUMB	Skaits	Number	skaits	Number
TER010_02	Iedzīvotāji pēc dzimuma un darbspējas vecuma grupām 100×100 m režģa šūnās (eksperimentālā statistika)	Population by sex and working age group in 100×100 m grid cells (experimental statistics)	PC	%	%	procenti	percent
TER020_01	Vismaz 25 gadus vecu pastāvīgo iedzīvotāju vidējā izglītošanās laika indekss režģa šūnās (2000. gada tautas skaitīšana)	Index of mean years of schooling of permanent residents aged 25 and over in grid cells (2000 Population and Housing Census)	EDU_INDEX	Vismaz 25 gadus vecu pastāvīgo iedzīvotāju vidējā izglītošanās laika indekss	Index of mean years of schooling of permanent residents aged 25 and over	indekss	index
TER030_01	Vismaz 25 gadus vecu pastāvīgo iedzīvotāju vidējā izglītošanās laika indekss režģa šūnās (2011. gada tautas skaitīšana)	Index of mean years of schooling of permanent residents aged 25 and over in grid cells (2011 Population and Housing Census)	EDU_INDEX	Vismaz 25 gadus vecu pastāvīgo iedzīvotāju vidējā izglītošanās laika indekss	Index of mean years of schooling of permanent residents aged 25 and over	indekss	index
TER040_01	Vismaz 18 gadus vecu pastāvīgo iedzīvotāju īpatsvars ar augstāko izglītību vai doktora grādu režģa šūnās	Share of permanent residents aged 18 and over who have highest education or doctorate degree in grid cells	EDU_HIGHER_PC	%	%	procenti	per cent
TER050_01	Mājās pārsvarā lietotā valoda 1×1 km režģa šūnās (2011. gada tautas skaitīšana)	Main language at home by 1×1 km grid cells (2011 Population and Housing Census)	PC	%	%	procenti	per cent
TER050_02	Mājās pārsvarā lietotā valoda 100×100 m režģa šūnās (2011. gada tautas skaitīšana)	Main language at home by 100×100 m grid cells (2011 Population and Housing Census)	PC	%	%	procenti	per cent
TER060_01	Pastāvīgo iedzīvotāju īpatsvars, kuri ikdienā lieto latviešu valodas paveidu – latgaliešu valodu, režģa šūnās (2011. gada tautas skaitīšana)	Share of resident population in grid cells who speak Latgalian (subtype of Latvian language) on a daily basis (2011 Population and Housing Census)	PC	%	%	procenti	per cent
TER070_01	Darba meklētāju/bezdarbnieku īpatsvars 15–74 gadus vecu ekonomiski aktīvo iedzīvotāju vidū režģa šūnās (2011. gada tautas skaitīšana)	Share of unemployed persons among economically active population aged 15–74 in grid cells (2011 Population and Housing Census)	PC	%	%	procenti	per cent
TER071_01	Nodarbināto iedzīvotāju īpatsvars 15–74 gadus vecu ekonomiski aktīvo iedzīvotāju vidū režģa šūnās	Share of employed persons among economically active population aged 15–74 in grid cells	PC	Īpatsvars, %	Share, %	procenti	per cent
TER080_01	Apdzīvoti mājokļi 1×1 km režģa šūnās (2011. gada tautas skaitīšana)	Inhabited dwellings by 1×1 km grid cells (2011 Population and Housing Census)	NUMB	Skaits	Number	skaits	number
TER080_01	Apdzīvoti mājokļi 1×1 km režģa šūnās (2011. gada tautas skaitīšana)	Inhabited dwellings by 1×1 km grid cells (2011 Population and Housing Census)	PC	%	%	procenti	per cent
TER080_02	Apdzīvoti mājokļi 100×100 m režģa šūnās (2011. gada tautas skaitīšana)	Inhabited dwellings by 100×100 m grid cells (2011 Population and Housing Census)	NUMB	Skaits	Number	skaits	number
TER080_02	Apdzīvoti mājokļi 100×100 m režģa šūnās (2011. gada tautas skaitīšana)	Inhabited dwellings by 100×100 m grid cells (2011 Population and Housing Census)	PC	%	%	procenti	per cent
TER081_01	Apdzīvoti mājokļi 1×1 km režģa šūnās (2021. gada tautas skaitīšana)	Inhabited dwellings by 1×1 km grid cells (2021 Population and Housing Census)	NUMB	Skaits	Number	skaits	number
TER081_01	Apdzīvoti mājokļi 1×1 km režģa šūnās (2021. gada tautas skaitīšana)	Inhabited dwellings by 1×1 km grid cells (2021 Population and Housing Census)	PC	%	%	procenti	per cent
TER081_02	Apdzīvoti mājokļi 100×100 m režģa šūnās (2021. gada tautas skaitīšana)	Inhabited dwellings by 100×100 m grid cells (2011 Population and Housing Census)	NUMB	Skaits	Number	skaits	number
TER081_02	Apdzīvoti mājokļi 100×100 m režģa šūnās (2021. gada tautas skaitīšana)	Inhabited dwellings by 100×100 m grid cells (2011 Population and Housing Census)	PC	%	%	procenti	per cent
TER090_01	Iedzīvotāji pēc dzimuma, darbspējas vecuma grupām un reģistrētās dzīvesvietas gada sākumā 1×1 km režģa šūnās	Population in 1×1 km grid cells by sex, working age group and registered place of residence at the beginning of the year	NUMB	Skaits	Number	skaits	number
TER090_01	Iedzīvotāji pēc dzimuma, darbspējas vecuma grupām un reģistrētās dzīvesvietas gada sākumā 1×1 km režģa šūnās	Population in 1×1 km grid cells by sex, working age group and registered place of residence at the beginning of the year	PC	%	%	procenti	per cent
TER090_02	Iedzīvotāji pēc dzimuma, darbspējas vecuma grupām un reģistrētās dzīvesvietas gada sākumā 100×100 m režģa šūnās	Population in 100×100 m grid cells by sex, working age group and registered place of residence at the beginning of the year, ha	NUMB	Skaits	Number	skaits	number
TER090_02	Iedzīvotāji pēc dzimuma, darbspējas vecuma grupām un reģistrētās dzīvesvietas gada sākumā 100×100 m režģa šūnās	Population in 100×100 m grid cells by sex, working age group and registered place of residence at the beginning of the year, ha	PC	%	%	procenti	per cent
TER100_01	Darbvietu skaits vietējā darbības veida vienībās pēc NACE režģa šūnās (eksperimentālā statistika)	Workplaces in local kind of activity units by NACE in grid cells (experimental statistics)	WP	Darbvietu skaits	Number of workplaces	skaits	number
TER110_01	Ārvalstīs dzimušo iedzīvotāju īpatsvars režģa šūnās	Share of population born abroad in grid cells	PC	%	%	procenti	per cent
TER120_01	Latvijas pilsoņu īpatsvars režģa šūnās	Share of citizens of Latvia in grid cells	PC	%	%	procenti	per cent
TER130_01	Iedzīvotāju īpatsvars, kuru pastāvīgā dzīvesvieta iepriekšējā gada laikā ir mainījusies, režģa šūnās	Share of population in grid cells whose usual residence has changed over the past year	PC	%	%	procenti	per cent
TUL020_01	Latvijas iedzīvotāju vairākdienu braucieni pa Latviju pēc ceļotāju dzimuma	Overnight domestic trips of Latvian residents by gender of the traveller	EX	Izdevumi, milj. eiro	Expenditures, million euros	milj. eiro	million euro
TUL020_01	Latvijas iedzīvotāju vairākdienu braucieni pa Latviju pēc ceļotāju dzimuma	Overnight domestic trips of Latvian residents by gender of the traveller	EXPERN	Vidējie izdevumi par nakti, eiro	Average expenditores per night, euro	eiro	euro
TUL020_01	Latvijas iedzīvotāju vairākdienu braucieni pa Latviju pēc ceļotāju dzimuma	Overnight domestic trips of Latvian residents by gender of the traveller	EXPERT	Vidējie izdevumi braucienā, eiro	Average expenditures per trip, euros	eiro	euro
TUL020_01	Latvijas iedzīvotāju vairākdienu braucieni pa Latviju pēc ceļotāju dzimuma	Overnight domestic trips of Latvian residents by gender of the traveller	NIGHTS	Pavadītās naktis, tūkst.	Number of nights spent, thousand	skaits, tūkst.	Number, thousand
TUL020_01	Latvijas iedzīvotāju vairākdienu braucieni pa Latviju pēc ceļotāju dzimuma	Overnight domestic trips of Latvian residents by gender of the traveller	NIGHTS_AVERAGE	Vidējais brauciena ilgums naktīs	Average duration of the trip in number of nights	skaits	Nights
TUL020_01	Latvijas iedzīvotāju vairākdienu braucieni pa Latviju pēc ceļotāju dzimuma	Overnight domestic trips of Latvian residents by gender of the traveller	TRIPS	Braucienu skaits, tūkst.	Number of trips, thousand	skaits, tūkst.	Number, thousand
TUL020_02	Latvijas iedzīvotāju vairākdienu braucieni pa Latviju pēc ceļotāju vecuma grupām	Overnight domestic trips of Latvian residents by age group of the traveller	EX	Izdevumi, milj. eiro	Expenditures, million euros	milj. eiro	million euro
TUL020_02	Latvijas iedzīvotāju vairākdienu braucieni pa Latviju pēc ceļotāju vecuma grupām	Overnight domestic trips of Latvian residents by age group of the traveller	EXPERN	Vidējie izdevumi par nakti, eiro	Average expenditores per night, euro	eiro	euro
TUL020_02	Latvijas iedzīvotāju vairākdienu braucieni pa Latviju pēc ceļotāju vecuma grupām	Overnight domestic trips of Latvian residents by age group of the traveller	EXPERT	Vidējie izdevumi braucienā, eiro	Average expenditures per trip, euros	eiro	euro
TUL020_02	Latvijas iedzīvotāju vairākdienu braucieni pa Latviju pēc ceļotāju vecuma grupām	Overnight domestic trips of Latvian residents by age group of the traveller	NIGHTS	Pavadītās naktis, tūkst.	Number of nights spent, thousand	skaits, tūkst.	Number, thousand
TUL020_02	Latvijas iedzīvotāju vairākdienu braucieni pa Latviju pēc ceļotāju vecuma grupām	Overnight domestic trips of Latvian residents by age group of the traveller	NIGHTS_AVERAGE	Vidējais brauciena ilgums naktīs	Average duration of the trip in number of nights	skaits	Nights
TUL020_02	Latvijas iedzīvotāju vairākdienu braucieni pa Latviju pēc ceļotāju vecuma grupām	Overnight domestic trips of Latvian residents by age group of the traveller	TRIPS	Braucienu skaits, tūkst.	Number of trips, thousand	skaits, tūkst.	Number, thousand
TUL030_01	Latvijas iedzīvotāju izmantotās naktsmītnes braucienos pa Latviju	Number of nights spent on and average duration of domestic trips of Latvian residents by type of accommodation	NIGHTS	Pavadītās naktis, tūkst.	Number of nights spent, thousand	skaits, tūkst.	Number, thousand
TUL030_01	Latvijas iedzīvotāju izmantotās naktsmītnes braucienos pa Latviju	Number of nights spent on and average duration of domestic trips of Latvian residents by type of accommodation	NIGHTS_AVERAGE	Vidējais brauciena ilgums, naktis	Average duration of the trip in number of nights	skaits	Nights
TUL030_01	Latvijas iedzīvotāju izmantotās naktsmītnes braucienos pa Latviju	Number of nights spent on and average duration of domestic trips of Latvian residents by type of accommodation	NIGHTS_PC	Pavadītās naktis, %	Number of nights spent, %	procenti	%
TUL030_01	Latvijas iedzīvotāju izmantotās naktsmītnes braucienos pa Latviju	Number of nights spent on and average duration of domestic trips of Latvian residents by type of accommodation	TRIPS	Braucienu skaits, tūkst.	Number of trips, thousand	skaits, tūkst.	Number, thousand
TUL030_01	Latvijas iedzīvotāju izmantotās naktsmītnes braucienos pa Latviju	Number of nights spent on and average duration of domestic trips of Latvian residents by type of accommodation	TRIPS_PC	Braucienu skaits, %	Number of trips, %	procenti	%
TUL050_01	Latvijas iedzīvotāju vairākdienu braucieni uz ārvalstīm pēc ceļotāju dzimuma	Overnight outbound trips of Latvian residents by gender of the traveller	EX	Izdevumi, milj. eiro	Expenditures, million euros	milj. eiro	million euro
TUL050_01	Latvijas iedzīvotāju vairākdienu braucieni uz ārvalstīm pēc ceļotāju dzimuma	Overnight outbound trips of Latvian residents by gender of the traveller	EXPERN	Vidējie izdevumi par nakti, eiro	Average expenditores per night, euro	eiro	euro
TUL050_01	Latvijas iedzīvotāju vairākdienu braucieni uz ārvalstīm pēc ceļotāju dzimuma	Overnight outbound trips of Latvian residents by gender of the traveller	EXPERT	Vidējie izdevumi braucienā, eiro	Average expenditures per trip, euros	eiro	euro
TUL050_01	Latvijas iedzīvotāju vairākdienu braucieni uz ārvalstīm pēc ceļotāju dzimuma	Overnight outbound trips of Latvian residents by gender of the traveller	NIGHTS	Pavadītās naktis, tūkst.	Number of nights spent, thousand	skaits, tūkst.	Number, thousand
TUL050_01	Latvijas iedzīvotāju vairākdienu braucieni uz ārvalstīm pēc ceļotāju dzimuma	Overnight outbound trips of Latvian residents by gender of the traveller	NIGHTS_AVERAGE	Vidējais brauciena ilgums naktīs	Average duration of the trip in number of nights	skaits	Nights
TUL050_01	Latvijas iedzīvotāju vairākdienu braucieni uz ārvalstīm pēc ceļotāju dzimuma	Overnight outbound trips of Latvian residents by gender of the traveller	TRIPS	Braucienu skaits, tūkst.	Number of trips, thousand	skaits, tūkst.	Number, thousand
TUL050_02	Latvijas iedzīvotāju vairākdienu braucieni uz ārvalstīm pēc ceļotāju vecuma grupām	Overnight outbound trips of Latvian residents by age group of the traveller	EX	Izdevumi, milj. eiro	Expenditures, million euros	milj. eiro	million euro
TUL050_02	Latvijas iedzīvotāju vairākdienu braucieni uz ārvalstīm pēc ceļotāju vecuma grupām	Overnight outbound trips of Latvian residents by age group of the traveller	EXPERN	Vidējie izdevumi par nakti, eiro	Average expenditores per night, euro	eiro	euro
TUL050_02	Latvijas iedzīvotāju vairākdienu braucieni uz ārvalstīm pēc ceļotāju vecuma grupām	Overnight outbound trips of Latvian residents by age group of the traveller	EXPERT	Vidējie izdevumi braucienā, eiro	Average expenditures per trip, euros	eiro	euro
TUL050_02	Latvijas iedzīvotāju vairākdienu braucieni uz ārvalstīm pēc ceļotāju vecuma grupām	Overnight outbound trips of Latvian residents by age group of the traveller	NIGHTS	Pavadītās naktis, tūkst.	Number of nights spent, thousand	skaits, tūkst.	Number, thousand
TUL050_02	Latvijas iedzīvotāju vairākdienu braucieni uz ārvalstīm pēc ceļotāju vecuma grupām	Overnight outbound trips of Latvian residents by age group of the traveller	NIGHTS_AVERAGE	Vidējais brauciena ilgums naktīs	Average duration of the trip in number of nights	skaits	Nights
TUL050_02	Latvijas iedzīvotāju vairākdienu braucieni uz ārvalstīm pēc ceļotāju vecuma grupām	Overnight outbound trips of Latvian residents by age group of the traveller	TRIPS	Braucienu skaits, tūkst.	Number of trips, thousand	skaits, tūkst.	Number, thousand
TUL060_01	Latvijas iedzīvotāju izmantotās naktsmītnes braucienos uz ārvalstīm	Number of nights spent on and average duration of outbound trips of Latvian residents by type of accommodation	NIGHTS	Pavadītās naktis, tūkst.	Number of nights spent, thousand	skaits, tūkst.	Number, thousand
TUL060_01	Latvijas iedzīvotāju izmantotās naktsmītnes braucienos uz ārvalstīm	Number of nights spent on and average duration of outbound trips of Latvian residents by type of accommodation	NIGHTS_AVERAGE	Vidējais brauciena ilgums, naktis	Average duration of the trip in number of nights	skaits	Nights
TUL060_01	Latvijas iedzīvotāju izmantotās naktsmītnes braucienos uz ārvalstīm	Number of nights spent on and average duration of outbound trips of Latvian residents by type of accommodation	NIGHTS_PC	Pavadītās naktis, %	Number of nights spent, %	procenti	%
TUL060_01	Latvijas iedzīvotāju izmantotās naktsmītnes braucienos uz ārvalstīm	Number of nights spent on and average duration of outbound trips of Latvian residents by type of accommodation	TRIPS	Braucienu skaits, tūkst.	Number of trips, thousand	skaits, tūkst.	Number, thousand
TUL060_01	Latvijas iedzīvotāju izmantotās naktsmītnes braucienos uz ārvalstīm	Number of nights spent on and average duration of outbound trips of Latvian residents by type of accommodation	TRIPS_PC	Braucienu skaits, %	Number of trips, %	procenti	%
TUL080_01	Latvijas iedzīvotāju vairākdienu atpūtas un darījumu braucienu raksturojošie rādītāji sadalījumā pa valstīm	Characteristics of personal and professional overnight travellers by country of destination	EX	Izdevumi, milj. eiro	Expenditures, million euros	milj. eiro	million euro
TUL080_01	Latvijas iedzīvotāju vairākdienu atpūtas un darījumu braucienu raksturojošie rādītāji sadalījumā pa valstīm	Characteristics of personal and professional overnight travellers by country of destination	EXPERN	Vidējie izdevumi par nakti, eiro	Average expenditures per night, euro	eiro	euro
TUL080_01	Latvijas iedzīvotāju vairākdienu atpūtas un darījumu braucienu raksturojošie rādītāji sadalījumā pa valstīm	Characteristics of personal and professional overnight travellers by country of destination	NIGHTS	Pavadītās naktis, tūkst.	Number of nights spent, thousand	skaits, tūkst.	Number, thousand
TUL080_01	Latvijas iedzīvotāju vairākdienu atpūtas un darījumu braucienu raksturojošie rādītāji sadalījumā pa valstīm	Characteristics of personal and professional overnight travellers by country of destination	NIGHTS_AVERAGE	Vidējais brauciena ilgums naktīs	Average duration of the trip in number of nights	skaits	Nights
TUL080_01	Latvijas iedzīvotāju vairākdienu atpūtas un darījumu braucienu raksturojošie rādītāji sadalījumā pa valstīm	Characteristics of personal and professional overnight travellers by country of destination	TRIPS	Braucienu skaits, tūkst.	Number of trips, thousand	skaits, tūkst.	Number, thousand
TUL100_01	Latvijas iedzīvotāju braucieni pa Latviju sadalījumā pēc galamērķa reģiona	Trips of Latvian residents made in Latvia by destination regions	EX	Izdevumi, milj. eiro	Expenditures, million euros	milj. eiro	million euro
TUL100_01	Latvijas iedzīvotāju braucieni pa Latviju sadalījumā pēc galamērķa reģiona	Trips of Latvian residents made in Latvia by destination regions	NIGHTS	Pavadītās naktis, tūkst.	Number of nights spent, thousand	skaits, tūkst.	Number, thousand
TUL100_01	Latvijas iedzīvotāju braucieni pa Latviju sadalījumā pēc galamērķa reģiona	Trips of Latvian residents made in Latvia by destination regions	TRIPS	Braucienu skaits, tūkst.	Number of trips, thousand	skaits, tūkst.	Number, thousand
VAI020_01	Izdevumi veselības aprūpei sadalījumā pēc funkcijām, procentos	Health care expenditure by functions, per cent	PC	Procenti	Per cent	procenti	per cent
